name,email,password,password_confirmation
hogehoge20,hogehoge20@hogehoge20.com,hogehoge20,hogehoge20
hogehoge21,hogehoge21@hogehoge21.com,hogehoge21,hogehoge21
hogehoge22,hogehoge22@hogehoge22.com,hogehoge22,hogehoge22
hogehoge23,hogehoge23@hogehoge23.com,hogehoge23,hogehoge23
hogehoge24,hogehoge24@hogehoge24.com,hogehoge24,hogehoge24
hogehoge25,hogehoge25@hogehoge25.com,hogehoge25,hogehoge25
hogehoge26,hogehoge26@hogehoge26.com,hogehoge26,hogehoge26
hogehoge27,hogehoge27@hogehoge27.com,hogehoge27,hogehoge27
hogehoge28,hogehoge28@hogehoge28.com,hogehoge28,hogehoge28
hogehoge29,hogehoge29@hogehoge29.com,hogehoge29,hogehoge29
hogehoge30,hogehoge30@hogehoge30.com,hogehoge30,hogehoge30
